Time[s], Channel 0
0, 0
3.92369520833333, 1
11.7640894583333, 0
